id;first_name;last_name;email;phone
1;Sydnie;Jacobi;Brooke33@gmail.com;1-995-330-7597 x73118
2;Cleora;Hodkiewicz-Oberbrunner;Nigel.Medhurst70@gmail.com;(997) 758-5937 x75846
3;Kieran;Emard;Nicolette.McKenzie43@yahoo.com;(598) 776-9027 x5537
4;Melissa;Halvorson;Jackson_Schoen87@hotmail.com;1-532-726-8224
5;Emmitt;Franecki;Garfield_Smith32@yahoo.com;704.496.4851
6;Maynard;Keeling;Felton_Dicki23@gmail.com;1-786-458-2555 x7468
7;Wade;Rath-Mosciski;Daisy79@hotmail.com;804.253.9196 x722
8;Colin;Wisoky-Williamson;Cristina32@gmail.com;1-461-706-5090
9;Desiree;Collier;Jovani_Hansen@gmail.com;1-797-556-4463 x482
10;Luciano;Haag;Gertrude.Ritchie@hotmail.com;292-476-7564
11;Inez;Hamill;Carlie59@hotmail.com;409.861.8148 x742
12;Trevion;Murazik;Jenny58@hotmail.com;(905) 613-8386 x227
13;Daryl;Prosacco-Murphy;Freddie.Klein76@yahoo.com;961-310-3989 x37682
14;Toni;Farrell;Kristine68@hotmail.com;261-401-7968 x2491
15;Judd;Davis;Edd58@hotmail.com;286-738-5394
16;Jake;Rosenbaum;Crystal_Rath@gmail.com;(854) 914-2209 x4045
17;Clare;Erdman;Antonette.Cronin61@yahoo.com;(968) 369-3370 x3649
18;Hilton;Greenholt;Grant_Breitenberg@hotmail.com;766.323.1058 x1622
19;Candida;Denesik;Javonte_Deckow5@yahoo.com;(981) 547-8527
20;Pete;Ondricka-Langworth;Stacey_Davis@gmail.com;1-394-575-0458
21;Willy;Roberts;Rosalia31@yahoo.com;(798) 680-7656 x88016
22;Alexandrine;Koepp;Savannah.Zulauf53@yahoo.com;1-272-637-2824 x71154
23;Gwen;Morar;Ethelyn90@yahoo.com;924.778.5103 x70871
24;Alfred;DuBuque;Jose70@hotmail.com;538-932-3045 x4759
25;Juvenal;Schultz;Dianna.Gulgowski@hotmail.com;(550) 718-2619 x461
26;Manley;Morissette;Geo.Erdman@hotmail.com;776-874-0505 x77258
27;Rita;Powlowski;Carmen.Murazik76@yahoo.com;(751) 454-7775 x4257
28;Diamond;Harber;Lynette.Dach43@gmail.com;291.349.0096
29;Matt;Leuschke-Howell;Erma.Braun13@hotmail.com;1-646-339-5270 x907
30;Gregory;Streich;Kraig61@yahoo.com;(791) 344-1228
